Model,Accuracy
MobileNetV2,0.987444859178826
VGG16,0.9674244994910078
Hybrid Fusion,0.9233118425517476
